INSERT INTO operatoer_info(cpr, opr_navn, ini) VALUES
('070770-7007', 'Angelo A', 'AA'),
('080880-8008','Antonella B','AB'),
('090990-9009', 'Luigi C', 'LC');
INSERT INTO operatoer(opr_id, cpr, password) VALUES
(1,'070770-7007', 'lKje4fa'),
(2,'080880-8008', 'atoJ21v'),
(3,'090990-9009', 'jEfm5aQ');
INSERT INTO leverandoer (leverandoer_navn) VALUES 
('Wawelka'),
('Knoor'),
('Veaubais'),
('Franz'),
('Ost og Skinke A/S'),
('Igloo Frostvarer');
INSERT INTO raavare(raavare_id, raavare_navn, leverandoer) VALUES
(1, 'dej', 'Wawelka'),
(2, 'tomat', 'Knoor'),
(3, 'tomat', 'Veaubais'),
(4, 'tomat', 'Franz'),
(5, 'ost', 'Ost og Skinke A/S'),
(6, 'skinke', 'Ost og Skinke A/S'),
(7, 'champignon', 'Igloo Frostvarer');
INSERT INTO raavarebatch(rb_id, raavare_id, maengde) VALUES
(1, 1, 1000),
(2, 2, 300),
(3, 3, 300),
(4, 5, 100),
(5, 5, 100), 
(6, 6, 100),
(7, 7, 100);
INSERT INTO recept(recept_id, recept_navn) VALUES
(1, 'margherita'),
(2, 'prosciutto'),
(3, 'capricciosa');
INSERT INTO receptkomponent(recept_id, raavare_id, nom_netto, tolerance) VALUES
(1, 1, 10.0, 0.1),
(1, 2, 2.0, 0.1),
(1, 5, 2.0, 0.1),

(2, 1, 10.0, 0.1),
(2, 3, 2.0, 0.1),  
(2, 5, 1.5, 0.1),
(2, 6, 1.5, 0.1),

(3, 1, 10.0, 0.1),
(3, 4, 1.5, 0.1),
(3, 5, 1.5, 0.1),
(3, 6, 1.0, 0.1),
(3, 7, 1.0, 0.1);
INSERT INTO produktbatch(pb_id, recept_id, status) VALUES
(1, 1, 2), 
(2, 1, 2),
(3, 2, 2),
(4, 3, 1),
(5, 3, 0);
INSERT INTO produktbatchkomponent(pb_id, rb_id, tara, netto, opr_id) VALUES
(1, 1, 0.5, 10.05, 1),
(1, 2, 0.5, 2.03, 1),
(1, 4, 0.5, 1.98, 1),

(2, 1, 0.5, 10.01, 2),
(2, 2, 0.5, 1.99, 2),
(2, 5, 0.5, 1.47, 2),

(3, 1, 0.5, 10.07, 1),
(3, 3, 0.5, 2.06, 2),
(3, 4, 0.5, 1.55, 1),
(3, 6, 0.5, 1.53, 2),

(4, 1, 0.5, 10.02, 3),
(4, 5, 0.5, 1.57, 3),
(4, 6, 0.5, 1.03, 3),
(4, 7, 0.5, 0.99, 3);
